rid,用户名称,微博等级,微博内容,微博转发量,微博评论量,微博点赞,发布时间,搜索关键词,话题名称,话题讨论数,话题阅读数
1,易胜华律师,金v,"#禁止堕胎#

预言灵验了…… 北京·百子湾",42,76,1077,2022/2/10,禁止堕胎,#禁止堕胎#,1732讨论,196.6万阅读
2,dongyule74,普通用户,"#禁止堕胎# #家庭计划#

这就是禁止堕胎的原因吗？政府真认为这样今年的出生人口会接近2000万吗？如果真是为了百姓的生育健康着想，就应该从小学阶段就进行性教育和避孕教育，药店布置免费避孕套和避孕药。而不是把生育的责任推给未成年和年轻未婚女性。政府认为单亲家庭的社会成本会比低生育率小吗？
...全文",0,0,0,2022/2/12,禁止堕胎,#禁止堕胎#,1732讨论,196.6万阅读
3,北京李莎律师事务所,普通用户,#计生协将开展未婚人群人流干预专项行动# 干预未婚人工流产，在没有建立起对产妇、孩子的一系列保障（如产检、户口、养育等）之前，“干预”两个字就是QJ。#禁止堕胎#,0,0,11,2022/2/10,禁止堕胎,#禁止堕胎#,1732讨论,196.6万阅读
4,幻象星成,普通用户,#禁止堕胎#坚决反对，我不喜欢带套，反正怀了也能打。不能打的话，那不就赖上我了吗？,0,0,1,2022/2/10,禁止堕胎,#禁止堕胎#,1732讨论,196.6万阅读
5,fish199002,黄v,#禁止堕胎#未来立法禁止堕胎也不是不可能，2021年中国预计出生人口在900万左右，而2021年中国高校毕业生是909万，也就是说这些孩子未来一个不落，都能升大学，真正的做到“一个都不能少”想一想就替他们开心，因为我们80.90后从小学一路走来像玩鱿鱼游戏一样，从小学的千人大军，最终只有区区几人能步 ...全文,21,12,15,2021/9/27,禁止堕胎,#禁止堕胎#,1732讨论,196.6万阅读
6,祖传八字算命,普通用户,"巨蟹座

巨蟹座个人比较拘谨，他们做任何事情都是小心翼翼，生怕自己做错，在感情中也是如此，他们考虑的事情比较多，不知道对方是否真心，不知道这段感情能走多久，也不知道两人是否能够共度余生，但当两个人确认关系后，巨蟹座就会把自己真实的一面表现出来了，情侣之间更加和谐，巨蟹座时常也很幽默 ...全文",0,0,0,2021/8/20,禁止堕胎,#禁止堕胎#,1732讨论,196.6万阅读
8,Tat_Ho謝,普通用户,任何人都无权终止生命，包括小生命。#禁止堕胎#,0,0,1,2012/8/16,禁止堕胎,#禁止堕胎#,1732讨论,196.6万阅读
9,总是在自说自话,普通用户,#禁止堕胎#笑了，女性还被指责堕胎了？？？男的没有资格指手画脚女性堕胎，只有女性才有子宫，谢谢,2,6,8,2021/1/20,禁止堕胎,#禁止堕胎#,1732讨论,196.6万阅读
11,世面,蓝v,【#美国法案禁止性侵受害者堕胎# 部分民众抗议该法案】5月14日，美国阿拉巴马州议会通过#美国最严反堕胎法案#，禁止任何阶段的怀孕者堕胎，被性侵怀孕、乱伦怀孕者也不例外，当且仅当需要挽救孕妇生命时，堕胎才能得到许可。目前法案已提交给州长，州长同意后，法案将于六个月后正式生效。 ...全文,8747,2.4,1.3万,2019/5/15,禁止堕胎,#美国法案禁止性侵受害者堕胎#,56000讨论,23000万阅读
12,阿詹Ganglha-Khandro,金v,#美国法案禁止性侵受害者堕胎#一种该来的终于来了的感觉。。。女州长是反对堕胎的保守派应该会签字，ACLU已表示准备好了起诉该法案违宪，阿拉巴马州议员已表示准备好了把官司打到最高法院，而保守派早已把“骑墙派”大法官做决定的最高法院，变成了保守派优势法院，大家都准备好了。。一场大戏,76,164,723,2019/5/16,禁止堕胎,#美国法案禁止性侵受害者堕胎#,56000讨论,23000万阅读
13,小蚂蚁9803,普通用户,"#美国法案禁止性侵受害者堕胎##美国最严反堕胎法案#
前提是:是否有足够保障，使受害者降低伤害，并得到相关的合法保护与支持。法律的本质是使人民得到安全。 如何看待美国法案禁止性侵受害者堕胎？你认为还有人权可言吗?",0,12,8,2022/7/10,禁止堕胎,#美国法案禁止性侵受害者堕胎#,56000讨论,23000万阅读
14,杨博俊,黄v,自由过了火#美国法案禁止性侵受害者堕胎#,0,0,0,2020/2/19,禁止堕胎,#美国法案禁止性侵受害者堕胎#,56000讨论,23000万阅读
15,范羿鸣_,普通用户,总比强行绝育，强行流产引产要人道的多！以前在农村经常有这样的标语:流下来，引出来，就是不能生出来！甚至还有该流不流，扒房牵牛的恐怖标语。#美国法案禁止性侵受害者堕胎##美国最严反堕胎法案# 如何看待美国法案禁止性侵受害者堕胎？你认为还有人权可言吗?,0,2,2,2019/12/23,禁止堕胎,#美国法案禁止性侵受害者堕胎#,56000讨论,23000万阅读
16,锅包肉199009,普通用户,#美国法案禁止性侵受害者堕胎##美国最严反堕胎法案# 呸 如何看待美国法案禁止性侵受害者堕胎？你认为还有人权可言吗?,0,0,0,2019/8/19,禁止堕胎,#美国法案禁止性侵受害者堕胎#,56000讨论,23000万阅读
17,大熊貓的粉絲1997,普通用户,"#美国法案禁止性侵受害者堕胎##美国最严反堕胎法案#
其實這是沒人權的，性侵者根本不想性交。 如何看待美国法案禁止性侵受害者堕胎？你认为还有人权可言吗?",0,3,3,2019/8/5,禁止堕胎,#美国法案禁止性侵受害者堕胎#,56000讨论,23000万阅读
18,藏蕴星辰,普通用户,#美国法案禁止性侵受害者堕胎##美国最严反堕胎法案#虽然说要珍爱每一个生命，他们的存在都有意义。但是我想问一下，即使法律禁止美国性侵者堕胎，禁止孕妇堕胎。但不被给予期待的生命，降生下来只会给它周边的人带来痛苦。我的法律没学好，但站在另一个角度来想人为何偏执（固执）？大抵都是因为那些不 ...全文,0,0,0,2019/7/6,禁止堕胎,#美国法案禁止性侵受害者堕胎#,56000讨论,23000万阅读
19,长老财经,黄v,"由七个大法官来决定美国所有女性的命运，真的有点颠覆认知！

他们的民主，为何女性自己没有表决权？谁替他们投的票！#美阿肯色州通过全面禁止堕胎法案#",2,14,9,2022/6/28,禁止堕胎,#美阿肯色州通过全面禁止堕胎法案#,267讨论,217.9万阅读
20,博尔济吉特桃子,普通用户,禁止堕胎，这算是什么人权？这不是胚胎权吗？孕妇才是人，胚胎没有经过产道出来或者剖腹出来，不能算人吧？孕妇没有堕胎权，不是剥夺人权吗？#美阿肯色州通过全面禁止堕胎法案#,1,1,2,2022/5/21,禁止堕胎,#美阿肯色州通过全面禁止堕胎法案#,267讨论,217.9万阅读
21,楚少主,金v,#美国# 美国多地女性抗议禁止美国女性堕胎，美国最高法大法官克拉伦斯·托马斯公开表示，他支持禁止美国女性堕胎，最高法院拒绝她们的网暴，最高法不能成为一个在美国女性胁迫下只能给出女性想要的结果的机构。 #美阿肯色州通过全面禁止堕胎法案#,0,2,0,2022/5/8,禁止堕胎,#美阿肯色州通过全面禁止堕胎法案#,267讨论,217.9万阅读
22,天涯社区,蓝v,【#美阿肯色州通过全面禁止堕胎法案#：被强奸乱伦也不例外】据CNN报道，近日美国阿肯色州通过一项“几乎完全禁止堕胎“的法案。法案规定，除非危及孕妇的生命，否则不得堕胎。即使女性被强奸、遭遇乱伦或者胎儿畸形也不允许堕胎。对进行或试图进行堕胎的人，将处以最高10万美元的罚款和最高10年的监禁 ...全文,6,48,201,2021/3/11,禁止堕胎,#美阿肯色州通过全面禁止堕胎法案#,267讨论,217.9万阅读
24,后沙月光本尊,金v,"#美国阿肯色州通过全面禁止堕胎法案#
美国宗教和政治：“分则存，合则亡”（Divided we stand，united we fall）。政教分离原则体现在了宪法第一修正案上，可见其重要性
祖训：合则亡！美国政客也要违背祖训？",13,26,152,2021/3/14,禁止堕胎,#美国阿肯色州通过全面禁止堕胎法案#,408讨论,162万阅读
25,时间视频,蓝v,【#美国阿肯色州通过全面禁止堕胎法案#：被强奸乱伦也不例外】据CNN报道，近日美国阿肯色州通过一项“几乎完全禁止堕胎“的法案。法案规定，除非危及孕妇的生命，否则不得堕胎。即使女性被强奸、遭遇乱伦或者胎儿畸形也不允许堕胎。对进行或试图进行堕胎的人，将处以最高10万美元的罚款和最高10年的监 ...全文,195,133,2336,2021/3/11,禁止堕胎,#美国阿肯色州通过全面禁止堕胎法案#,408讨论,162万阅读
26,桃花树下翁,普通用户,美国中央与地方的矛盾越来越大了#美国阿肯色州通过全面禁止堕胎法案##拜登#,0,0,0,2022/6/25,禁止堕胎,#美国阿肯色州通过全面禁止堕胎法案#,408讨论,162万阅读
27,白露为汤,微博达人,#美国阿肯色州通过全面禁止堕胎法案#灯塔太TM亮了,0,0,0,2021/3/14,禁止堕胎,#美国阿肯色州通过全面禁止堕胎法案#,408讨论,162万阅读
28,ETtoday新聞雲,蓝v,"【被性侵也要生！　#美国阿肯色州通过全面禁止堕胎法案# 】网页链接
#美国# 阿肯色州9日通过一项「禁止堕胎法案」，除非危及孕妇生命否则不得堕胎，即使女性遭性侵或是乱伦怀孕也得生下来。若有人违反此规定，将被处最高10万美元罚款和最高10年的监禁。州长Asa Hutchinson说，自己将会签署 ...全文",3,10,6,2021/3/12,禁止堕胎,#美国阿肯色州通过全面禁止堕胎法案#,408讨论,162万阅读
30,美国侨报网,蓝v,"【#突发美国# 】违宪！拜登政府起诉得州 挑战严苛堕胎法
在最高法院拒绝阻止得州最新堕胎法生效后，拜登政府9月9日将得州政府告上法庭，以终止这项法律实施。司法部长加兰德在记者会上表示，根据最高法院长期以来的判例，得州堕胎法“显然违反宪法”，其中包括一项“前所未有的计划”，以使得州州府免 ...全文",10,6,21,2021/9/10,禁止堕胎,#得州检测到胎心后禁止堕胎#,291讨论,271.6万阅读
31,ETtoday新聞雲,蓝v,【#得州通过全美最严堕胎法案# 检测到胎心后禁止堕胎】#美国# 得克萨斯州共和党籍州长阿伯特19日签署了一项堕胎限制法案：除非怀孕妇女面临健康紧急状况的威胁，一旦检测到胎心则立即禁止妇女堕胎，被强奸的受害者也须遵守这项法案。医学专家称，一般怀孕满6至8周会检测到胎心，但一些妇女在怀孕6周时 ...全文,5,12,13,2021/5/20,禁止堕胎,#得州检测到胎心后禁止堕胎#,291讨论,271.6万阅读
32,39健康网,蓝v,"【#得州通过全美最严堕胎法案##得州检测到胎心后禁止堕胎#】

美国得克萨斯州共和党籍州长阿伯特19日签署了一项堕胎限制法案：除非怀孕妇女面临健康紧急状况的威胁，一旦检测到胎心则立即禁止妇女堕胎，被强奸的受害者也须遵守这项法案。

医学专家称，一般怀孕满6至8周会检测到胎心，但一些妇女在怀孕 ...全文",0,0,10,2021/5/20,禁止堕胎,#得州检测到胎心后禁止堕胎#,291讨论,271.6万阅读
33,铁骥视频海外频道,蓝v,【#波兰新法律几乎完全禁止堕胎#】日前，波兰法院在“新堕胎法”裁决中禁止了几乎所有的堕胎行为，只有强奸，乱伦或母亲健康受到威胁的情况例外。此外，即使是严重畸形的胎儿也不得终止妊娠。随后，在全国范围内，成千上万的妇女在全国各地的城市抗议新堕胎法。此外，目前波兰的堕胎手术都是在国外非法 ...全文,26,37,99,2021/1/28,禁止堕胎,#波兰新法律几乎完全禁止堕胎#,285讨论,318.2万阅读
34,美东侨报,蓝v,"【#波兰新法律几乎完全禁止堕胎# #数千波兰民众街头抗议新堕胎法#】卫报当地时间28日报道，波兰备受争议的堕胎法将于周三生效，该法律几乎完全禁止堕胎，只允许在强奸、乱伦和母亲生命有危险的情况下堕胎。法律规定，在胎儿畸形的情况下堕胎“不符合”波兰宪法。
之后，数千波兰民众街头抗议新堕胎法， ...全文",0,1,1,2021/1/29,禁止堕胎,#波兰新法律几乎完全禁止堕胎#,285讨论,318.2万阅读
35,创业者商道,黄v,#波兰新法律几乎完全禁止堕胎# 目前波兰的堕胎手术都是在国外非法进行的。 铁骥视频海外频道的微博视频,1,0,2,2021/1/29,禁止堕胎,#波兰新法律几乎完全禁止堕胎#,285讨论,318.2万阅读
36,猛料老师,黄v,"【现场】：抗议者聚集在华沙，抗议波兰宣布几乎完全禁止堕胎。
#波兰新法律几乎完全禁止堕胎# 猛料老师的微博视频",0,0,2,2021/1/28,禁止堕胎,#波兰新法律几乎完全禁止堕胎#,285讨论,318.2万阅读
37,一华独秀,金v,"#波兰新法律几乎完全禁止堕胎#
没办法，人太少了，都又不想生，可以理解这样的做法 海口·国瑞大厦B座西塔",0,0,0,2021/1/28,禁止堕胎,#波兰新法律几乎完全禁止堕胎#,285讨论,318.2万阅读
38,星雨山潜,普通用户,#波兰新法律几乎完全禁止堕胎# #数千波兰民众街头抗议新堕胎法# 貌似尊重人权，实则虚伪残忍！ 那些被生出来的残疾儿童会幸福吗？,0,0,0,2021/1/28,禁止堕胎,#波兰新法律几乎完全禁止堕胎#,285讨论,318.2万阅读
39,枣庄正能量,金v,#波兰新法律几乎完全禁止堕胎# 胎儿畸形也无法堕胎！数千波兰民众街头抗议新堕胎法 枣庄 枣庄正能量的微博视频,1,0,0,2021/1/28,禁止堕胎,#波兰新法律几乎完全禁止堕胎#,285讨论,318.2万阅读
40,紫魔兰,黄v,#波兰新法律几乎完全禁止堕胎#波兰新法律几乎完全禁止堕胎,0,1,1,2021/1/28,禁止堕胎,#波兰新法律几乎完全禁止堕胎#,285讨论,318.2万阅读
42,浅念学长,黄v,#波兰新法律几乎完全禁止堕胎#为什么越来越多的年轻人选择单身？近日，李银河谈及世界单身潮的原因，如今感情在婚姻的占比越来越重，但感情是会流动的；人均寿命的延长，生儿育女成本大；现在女性越来越独立，能挣钱养活自己，没有充足的理由必须去结婚；离婚成本高；性目的的改变，有了更多选择。,0,0,0,2021/1/28,禁止堕胎,#波兰新法律几乎完全禁止堕胎#,285讨论,318.2万阅读
43,创业者商道,黄v,#波兰新法律几乎完全禁止堕胎#有缺陷生下来对家庭成员来说都是折磨特别是孩子。 影娱的微博视频,0,0,0,2021/1/29,禁止堕胎,#波兰新法律几乎完全禁止堕胎#,285讨论,318.2万阅读
44,地铁北京,黄v,"#波兰新法律几乎完全禁止堕胎#【#波兰新法律几乎完全禁止堕胎##数千波兰民众街头抗议新堕胎法#】卫报当地时间28日报道，波兰备受争议的堕胎法将于周三生效，该法律几乎完全禁止堕胎，只允许在强奸、乱伦和母亲生命有危险的情况下堕胎。法律规定，在胎儿畸形的情况下堕胎“不符合”波兰宪法。

之后，数 ...全文",0,0,1,2021/1/29,禁止堕胎,#波兰新法律几乎完全禁止堕胎#,285讨论,318.2万阅读
45,娱语,金v,"【#波兰新法律几乎完全禁止堕胎# #数千波兰民众街头抗议新堕胎法#】卫报当地时间28日报道，波兰备受争议的堕胎法将于周三生效，该法律几乎完全禁止堕胎，只允许在强奸、乱伦和母亲生命有危险的情况下堕胎。法律规定，在胎儿畸形的情况下堕胎“不符合”波兰宪法。

之后，数千波兰民众街头抗议新堕胎法 ...全文",0,0,1,2021/1/29,禁止堕胎,#波兰新法律几乎完全禁止堕胎#,285讨论,318.2万阅读
48,游戏圈婊姐,黄v,"【#波兰新法律几乎完全禁止堕胎##数千波兰民众街头抗议新堕胎法#】卫报当地时间28日报道，波兰备受争议的堕胎法将于周三生效，该法律几乎完全禁止堕胎，只允许在强奸、乱伦和母亲生命有危险的情况下堕胎。法律规定，在胎儿畸形的情况下堕胎“不符合”波兰宪法。

之后，数千波兰民众街头抗议新堕胎法， ...全文",0,0,0,2021/1/28,禁止堕胎,#波兰新法律几乎完全禁止堕胎#,285讨论,318.2万阅读
49,拾点历史,黄v,#波兰新法律几乎完全禁止堕胎#波兰人口增长率低引起的限制堕胎吧,0,0,1,2021/1/28,禁止堕胎,#波兰新法律几乎完全禁止堕胎#,285讨论,318.2万阅读
50,财智孙国英,黄v,【胎儿畸形也无法堕胎！ #数千波兰民众街头抗议新堕胎法# 】27日，数千名抗议者走上华沙街头抗议波兰新堕胎法案。这项法案在去年10月获得批准，于今年1月27日生效。法案规定只有在强奸、乱伦及母亲生命受到威胁的情况下才允许堕胎，并判定以胎儿畸形为由进行堕胎违反了波兰宪法，这意味着母亲即使明知 ...全文,0,2,0,2021/1/28,禁止堕胎,#波兰新法律几乎完全禁止堕胎#,285讨论,318.2万阅读
51,看电影,蓝v,"#美国德州禁止堕胎法生效# 又是一场法案与电影交叠的故事。美国德克萨斯州禁止堕胎法于9月1日正式生效，该法案禁止怀孕6周以上的母亲堕胎，即使是被强奸而怀孕的女性，也要遵守该法案。该法案将矛头指向了帮助孕妇堕胎的人，包括医生、诊所工作人员、咨询师，甚至是送孕妇的司机，都可能被起诉。

这不 ...全文",101,188,958,2021/9/2,禁止堕胎,#美国德州禁止堕胎法生效#,202讨论,86.8万阅读
52,大嘴狸,普通用户,#意外怀孕向外卖小哥索赔##美国德州禁止堕胎法生效# 大嘴狸的微博视频,0,0,1,2022/7/10,禁止堕胎,#美国德州禁止堕胎法生效#,202讨论,86.8万阅读
53,香港商報網,蓝v,【美国东西两岸启动660场游行 反对德州堕胎禁令】#美国德州禁止堕胎法生效# 据路透社报道，美国东西两岸爆发众多支持堕胎权利的游行，反对德克萨斯州通过的堕胎禁令。美国东西两岸星期六（10月2日）启动660起系列大游行，支持妇女堕胎权利，并声援德克萨斯州妇女权益组织在该州首府奥斯汀和其它城市 ...全文,2,3,11,2021/10/3,禁止堕胎,#美国德州禁止堕胎法生效#,202讨论,86.8万阅读
54,清蒸橘子头,普通用户,"#美国德州禁止堕胎法生效#
现实版《使女》......
政客永远是毒瘤",0,0,0,2021/9/15,禁止堕胎,#美国德州禁止堕胎法生效#,202讨论,86.8万阅读
55,漂亮国傻事,金v,#新星v计划##美国德州禁止堕胎法生效# 这些就是为德州女性作出禁止堕胎决定的人。,3,13,34,2021/9/14,禁止堕胎,#美国德州禁止堕胎法生效#,202讨论,86.8万阅读
56,柠檬水Byebye,普通用户,关于美国德州禁止堕胎法生效的热点事件的思考和看法。美国德州政府对待女性就像是一个承装着孩子的容器，而不是保护这些女性行使自己对自己身体权利，反而保护未出世孩子的人权。在这里，我想讨论的是未出世的孩子是否有人权。在我国，未出世的孩子不算作自然人，是因为我国对于自然人的条件是在自然条 ...全文,0,0,1,2021/9/9,禁止堕胎,#美国德州禁止堕胎法生效#,202讨论,86.8万阅读
57,朱诺的书房,普通用户,上野千鹤子在《父权制与资本主义》中提到：父权制的企图一直都在试图支配并控制作为再生产手段的子宫。再生产统治阶级试图让女性始终对自己的身体保持无知，并将其身体的管理委托于男性，将避孕和生育的自我决定权从女性手中夺走。#美国德州禁止堕胎法生效##女权# Juno_2015的微博视频,0,1,5,2021/9/9,禁止堕胎,#美国德州禁止堕胎法生效#,202讨论,86.8万阅读
58,云杉下的渔者,普通用户,"#美国德州禁止堕胎法生效#
这才是女人的子宫不属于自己……为什么谈论的人这么少？涉及美国集体失声",0,0,0,2021/9/9,禁止堕胎,#美国德州禁止堕胎法生效#,202讨论,86.8万阅读
59,fifi三叠纪,普通用户,不要只说某兰教极端，某督教右派也是人类之癌，反人权反人道的渣滓 #美国德州禁止堕胎法生效#,2,0,7,2021/9/7,禁止堕胎,#美国德州禁止堕胎法生效#,202讨论,86.8万阅读
60,奥派经济学读书群,微博达人,#美国德州禁止堕胎法生效# 难道是塔利班占领了德州？,0,1,3,2021/9/7,禁止堕胎,#美国德州禁止堕胎法生效#,202讨论,86.8万阅读
61,GallantFn,普通用户,#美国德州禁止堕胎法生效# Texas阴间法,0,0,0,2021/9/6,禁止堕胎,#美国德州禁止堕胎法生效#,202讨论,86.8万阅读
62,朱诺的书房,普通用户,"#美国德州禁止堕胎法生效#

女性的解放，先从子宫自由开始吧。

父权社会中，男性一直被训练成追求控制，通过控制获得更高的职位、更多的社会资源，然而，生育这件事却不在他们的掌控之中，而在那个被他们视为更低下的女性的身上。

由于没有子宫，男性被排除在生育之外。他们不得不依靠女人，来产下 ...全文",2,0,9,2021/9/7,禁止堕胎,#美国德州禁止堕胎法生效#,202讨论,86.8万阅读
63,律师沈辉,黄v,"婆婆能管得了儿媳堕胎吗？

#成都精英律师# #成都离婚律师# #美国多药房限购紧急避孕药# #美国禁止堕胎# 律师沈辉的微博视频",1,3,1,2022/7/1,禁止堕胎,#美国禁止堕胎#,521讨论,63.1万阅读
64,阿藤好疼,普通用户,"坚决反对美国禁止堕胎法案！
为美国女孩们的权利发声！#美国禁止堕胎#",0,0,1,2022/7/2,禁止堕胎,#美国禁止堕胎#,521讨论,63.1万阅读
65,用户7737606250,普通用户,#美国禁止堕胎##美国禁止堕胎#不是一次了吧，阿拉巴马州就不让，你去别的州堕胎也要被判刑，被qj也不能太下头了。,0,0,0,2022/6/30,禁止堕胎,#美国禁止堕胎#,521讨论,63.1万阅读
66,枝头一枚叶,普通用户,#美国禁止堕胎##美国最高法院取消宪法规定的堕胎权# 关于美国近期内闹得沸沸扬扬的堕胎权事件，很多人都说这是加剧了美国分裂，但还有另一种观点觉得很有趣：美国利用这种小矛盾转移了国内贫富差距的阶级斗争的大矛盾，中农贫阶级的注意力没时间盯在压榨他们的富人身上，富人们高枕无忧，私有制 ...全文,0,0,0,2022/6/27,禁止堕胎,#美国禁止堕胎#,521讨论,63.1万阅读
67,赛博记忆,普通用户,"2022年6月，美国联邦政府不再保护堕胎权，转而由各州决议是否禁止女性堕胎。
#美国禁止堕胎#",0,0,0,2022/6/27,禁止堕胎,#美国禁止堕胎#,521讨论,63.1万阅读
68,LUCA视界,黄v,因美国禁止堕胎法案后，加拿大特鲁多宣布：将允许并且欢迎美国人越境来加拿大堕胎。#美国禁止堕胎#,0,1,13,2022/6/26,禁止堕胎,#美国禁止堕胎#,521讨论,63.1万阅读
69,堇禾苏,普通用户,女人以后只会越来越卑微 女人真的是很强大也很容易被击垮 能不能来个对应的法案#美国推翻罗诉韦德案# #美国禁止堕胎#,0,0,1,2022/6/25,禁止堕胎,#美国禁止堕胎#,521讨论,63.1万阅读
70,用户7484400459,普通用户,#美国禁止堕胎#人权“老祖宗”禁止堕胎算不算侵犯人权？,0,0,1,2021/9/3,禁止堕胎,#美国禁止堕胎#,521讨论,63.1万阅读
71,每日经济新闻,蓝v,#美国得州测到胎心后禁止堕胎#【#美国得州通过法案测到胎心后禁止堕胎#，普通公民可起诉违令医生】美国得克萨斯州共和党籍州长阿伯特19日签署了一项堕胎限制法案：一旦检测到胎儿胎心则禁止妇女堕胎。医学专家称，一般来说，怀孕满6至8周会检测到胎心。美国媒体称，该法案几乎肯定会面临联邦法律的挑战 ...全文,6,7,19,2021/5/24,禁止堕胎,#美国得州通过法案测到胎心后禁止堕胎#,11讨论,38.1万阅读
72,环球资讯,蓝v,【#美联邦最高法院推翻确立堕胎权判例#】当地时间24日，美国联邦最高法院推翻了近半个世纪前在联邦层面确立堕胎权的判例“罗诉韦德案”，这意味着女性堕胎权将不再受美国宪法的保护。据美媒报道，#美国20余州预计将禁止或严格限制堕胎#行为，其中13个州的堕胎禁令在“罗诉韦德案”被推翻后将立即生效。 ...全文,22,126,400,2022/6/25,禁止堕胎,#美国20余州预计将禁止或严格限制堕胎#,118讨论,249.9万阅读
73,时间视频,蓝v,【美国最高法院取消宪法规定的堕胎权：全美多地游行示威，支持者和反对者发生冲突】#美国取消堕胎权全美多地游行示威#当地时间6月24日，美国联邦最高法院正式作出判决，推翻确认了美国女性拥有合法堕胎权的罗诉韦德案。最新裁决将赋予各州制定堕胎法的权力，近一半的州将宣布堕胎为非法，或严格限制堕 ...全文,11,9,27,2022/6/25,禁止堕胎,#美国20余州预计将禁止或严格限制堕胎#,118讨论,249.9万阅读
74,辽宁共青团,蓝v,"拜登回应“罗诉韦德案”被推翻： “让美国倒退150年” ～

#美国20余州预计将禁止或严格限制堕胎##美国最高法院取消宪法规定的堕胎权##拜登回应罗诉韦德案被推翻#（观察者网） 辽宁共青团的微博视频",11,13,58,2022/6/25,禁止堕胎,#美国20余州预计将禁止或严格限制堕胎#,118讨论,249.9万阅读
76,北名有渔,金v,#美联邦最高法院推翻确立堕胎权判例#这一反人类的技术是要限制一下了，提高生育率，增加劳动力#美国20余州预计将禁止或严格限制堕胎#,0,2,0,2022/6/25,禁止堕胎,#美国20余州预计将禁止或严格限制堕胎#,118讨论,249.9万阅读
77,大师罗莊,普通用户,#美国20余州预计将禁止或严格限制堕胎#美国这时候不讲人权了？ 昆明,0,0,0,2022/6/25,禁止堕胎,#美国20余州预计将禁止或严格限制堕胎#,118讨论,249.9万阅读
78,山西青年报,蓝v,"拜登回应“罗诉韦德案”被推翻： “让美国倒退150年” ～

#美国20余州预计将禁止或严格限制堕胎##美国最高法院取消宪法规定的堕胎权##拜登回应罗诉韦德案被推翻# 辽宁共青团的微博视频",0,0,0,2022/6/25,禁止堕胎,#美国20余州预计将禁止或严格限制堕胎#,118讨论,249.9万阅读
79,凌晨两点我还没有睡觉,黄v,"#美国20余州预计将禁止或严格限制堕胎#
是因为yq4⃣️的人太多了吗？",0,0,1,2022/6/25,禁止堕胎,#美国20余州预计将禁止或严格限制堕胎#,118讨论,249.9万阅读
80,渔夫遇海,金v,#美国20余州预计将禁止或严格限制堕胎#这就是美国的妇女人权,0,0,2,2022/6/25,禁止堕胎,#美国20余州预计将禁止或严格限制堕胎#,118讨论,249.9万阅读
81,国际在线,蓝v,#美国最高法院取消宪法规定的堕胎权#【#美联邦最高法院推翻确立堕胎权判例#】当地时间24日，美国联邦最高法院推翻了近半个世纪前在联邦层面确立堕胎权的判例“罗诉韦德案”，这意味着女性堕胎权将不再受美国宪法的保护。据美媒报道，#美国20余州预计将禁止或严格限制堕胎#行为，其中13个州的堕胎禁令在 ...全文,0,0,1,2022/6/25,禁止堕胎,#美国20余州预计将禁止或严格限制堕胎#,118讨论,249.9万阅读
82,一句半截的诗,金v,#美国20余州预计将禁止或严格限制堕胎# 这种政策绝不会到国内来的。不过真的觉得小三的孩子不要有继承权,0,0,1,2022/6/25,禁止堕胎,#美国20余州预计将禁止或严格限制堕胎#,118讨论,249.9万阅读
83,守护这一盏灯火,普通用户,#美国20余州预计将禁止或严格限制堕胎#我们要民主和自由，这是他们最爱说的，这咋了？咋不支持！感觉在演小丑剧#美国#,0,0,3,2022/6/25,禁止堕胎,#美国20余州预计将禁止或严格限制堕胎#,118讨论,249.9万阅读
84,之北_TY,黄v,#美国20余州预计将禁止或严格限制堕胎#救了命了……历史、文明的倒退,0,0,0,2022/6/25,禁止堕胎,#美国20余州预计将禁止或严格限制堕胎#,118讨论,249.9万阅读
85,天空越黑你就越亮,金v,"#美国20余州预计将禁止或严格限制堕胎#
天天讲人权，指责这个指责那个，你看看你自己，还是先管好你自己吧，这就是你们口中说的民主自由吗，真的好讽刺好可笑",10,2,7,2022/6/25,禁止堕胎,#美国20余州预计将禁止或严格限制堕胎#,118讨论,249.9万阅读
86,品茶说酒,金v,#美国20余州预计将禁止或严格限制堕胎#这是啥情况，不要民主和自由了,0,0,3,2022/6/25,禁止堕胎,#美国20余州预计将禁止或严格限制堕胎#,118讨论,249.9万阅读
88,HERMES的小窝,金v,#美国20余州预计将禁止或严格限制堕胎#【#美联邦最高法院推翻确立堕胎权判例#】当地时间24日，美国联邦最高法院推翻了近半个世纪前在联邦层面确立堕胎权的判例“罗诉韦德案”，这意味着女性堕胎权将不再受美国宪法的保护。据美媒报道，#美国20余州预计将禁止或严格限制堕胎#行为，其中13个州的堕胎禁令 ...全文,0,0,0,2022/6/25,禁止堕胎,#美国20余州预计将禁止或严格限制堕胎#,118讨论,249.9万阅读
89,来点石锤,金v,"殖人们好好想个角度吹
【#美联邦最高法院推翻确立堕胎权判例#】当地时间24日，美国联邦最高法院推翻了近半个世纪前在联邦层面确立堕胎权的判例“罗诉韦德案”，这意味着女性堕胎权将不再受美国宪法的保护。据美媒报道，#美国20余州预计将禁止或严格限制堕胎#行为，其中13个州的堕胎禁令在“罗 ...全文",0,5,9,2022/6/25,禁止堕胎,#美国20余州预计将禁止或严格限制堕胎#,118讨论,249.9万阅读
91,开普勒星际,金v,祖国反黑站之前那些说外国月亮圆的人，说美国人权很好性别平等而贬斥自身所处的环境，那些人现在都怎么了？是哑了吗？咋不狠起来怼美国这种人权呢？#美国20余州预计将禁止或严格限制堕胎#环球资讯的微博视频,0,0,1,2022/6/25,禁止堕胎,#美国20余州预计将禁止或严格限制堕胎#,118讨论,249.9万阅读
92,肥龙有鸡汤,金v,#美国20余州预计将禁止或严格限制堕胎#这个人权的国度，整成了这样？究竟是维护人权，还是无人权,0,0,2,2022/6/25,禁止堕胎,#美国20余州预计将禁止或严格限制堕胎#,118讨论,249.9万阅读
93,火锅赤心,金v,#美国20余州预计将禁止或严格限制堕胎#呵呵呵，为了人口拼了，堕胎都没自由了。,0,0,1,2022/6/25,禁止堕胎,#美国20余州预计将禁止或严格限制堕胎#,118讨论,249.9万阅读
94,澎湃新闻,蓝v,【美媒：#全美或有22州将禁止或限制堕胎# 】据《国会山报》当地时间6月26日报道，在美国最高法院投票决定推翻“罗诉韦德案”之后，各州开始根据这一裁决制定或实施相关州内部政策。根据古特马赫学会的一项分析，全美共有22个州将禁止或限制堕胎，另有16个州和华盛顿特区制定了保护堕胎权的法律。南达科 ...全文,10,15,28,2022/6/27,禁止堕胎,#全美或有22州将禁止或限制堕胎#,134讨论,222.4万阅读
95,CHTV百姓健康,普通用户,什么才是真正的生命？我们将如何定义人类的“生命”？#美国最高法院取消宪法规定的堕胎权##拜登回应罗诉韦德案被推翻##拜登称推翻罗诉韦德案使美国倒退150年##美国女性至暗时刻来了##全美或有22州将禁止或限制堕胎# CHTV百姓健康的微博视频,0,0,2,2022/7/4,禁止堕胎,#全美或有22州将禁止或限制堕胎#,134讨论,222.4万阅读
96,中国新闻周刊,蓝v,【#全美或有22州将禁止或限制堕胎#】据《国会山报》当地时间6月26日报道，在美国最高法院投票决定推翻“罗诉韦德案”之后，各州开始根据这一裁决制定或实施相关州内部政策。根据古特马赫学会的一项分析，全美共有22个州将禁止或限制堕胎，另有16个州和华盛顿特区制定了保护堕胎权的法律。（央视新闻）,3,30,47,2022/6/27,禁止堕胎,#全美或有22州将禁止或限制堕胎#,134讨论,222.4万阅读
97,胡江波在北京,金v,#全美或有22州将禁止或限制堕胎# 据《国会山报》当地时间6月26日报道，在美国最高法院投票决定推翻“罗诉韦德案”之后，各州开始根据这一裁决制定或实施相关州内部政策。根据古特马赫学会的一项分析，全美共有22个州将禁止或限制堕胎，另有16个州和华盛顿特区制定了保护堕胎权的法律。 via 央视新闻,20,16,44,2022/6/27,禁止堕胎,#全美或有22州将禁止或限制堕胎#,134讨论,222.4万阅读
98,钱奈儿,普通用户,#全美或有22州将禁止或限制堕胎#原来真的是“地球村”，外有限制堕胎，内有鼓励三胎，能不能让男的去生啊，烦死了！！！！！！！！！！！！！！！！！看黄网浏览记录要被查、床戏吻戏被删、小说写黄色情节被判刑......然后还要鼓励你去生三胎？？多多少少是回到人类进化前了。,0,0,1,2022/6/27,禁止堕胎,#全美或有22州将禁止或限制堕胎#,134讨论,222.4万阅读
99,是橙雨伞呀,金v,"美媒：#全美或有22州将禁止或限制堕胎#

“根据古特马赫学会的一项分析，全美共有22个州将禁止或限制堕胎，另有16个州和华盛顿特区制定了保护堕胎权的法律。”

来源：央视新闻",15,1,29,2022/6/27,禁止堕胎,#全美或有22州将禁止或限制堕胎#,134讨论,222.4万阅读
100,阿杰是个胖墩墩,普通用户,#全美或有22州将禁止或限制堕胎#才知道完全不限制女性堕胎的国家只有5个，无法想象连宫外孕都不允许堕胎的地方能尊重人权。,0,0,1,2022/6/27,禁止堕胎,#全美或有22州将禁止或限制堕胎#,134讨论,222.4万阅读
101,JAS_FLower,普通用户,#全美或有22州将禁止或限制堕胎#这样啊，美国好惨，唐山郑州的事解决了吗？毒教材呢？,0,0,1,2022/6/27,禁止堕胎,#全美或有22州将禁止或限制堕胎#,134讨论,222.4万阅读
102,新京报,蓝v,【#全美或有22州将禁止或限制堕胎# 】据央视新闻消息，据《国会山报》当地时间6月26日报道，在美国最高法院投票决定推翻“罗诉韦德案”之后，各州开始根据这一裁决制定或实施相关州内部政策。根据古特马赫学会的一项分析，全美共有22个州将禁止或限制堕胎，另有16个州和华盛顿特区制定了保护堕胎权的法 ...全文,7,10,15,2022/6/27,禁止堕胎,#全美或有22州将禁止或限制堕胎#,134讨论,222.4万阅读
103,三栖龙王大人,普通用户,"#全美或有22州将禁止或限制堕胎#
此刻我的表情tui tui tui",0,0,0,2022/6/27,禁止堕胎,#全美或有22州将禁止或限制堕胎#,134讨论,222.4万阅读
104,参考消息,蓝v,"【美媒：#全美或有22州将禁止或限制堕胎#】据《国会山报》当地时间6月26日报道，在美国最高法院投票决定推翻“罗诉韦德案”之后，各州开始根据这一裁决制定或实施相关州内部政策。根据古特马赫学会的一项分析，全美共有22个州将禁止或限制堕胎，另有16个州和华盛顿特区制定了保护堕胎权的法律。

南达 ...全文",12,6,13,2022/6/27,禁止堕胎,#全美或有22州将禁止或限制堕胎#,134讨论,222.4万阅读
105,财经网,蓝v,【美媒：#全美或有22州将禁止或限制堕胎#】据《国会山报》当地时间6月26日报道，在美国最高法院投票决定推翻“罗诉韦德案”之后，各州开始根据这一裁决制定或实施相关州内部政策。根据古特马赫学会的一项分析，全美共有22个州将禁止或限制堕胎，另有16个州和华盛顿特区制定了保护堕胎权的法律。（央视 ...全文,6,5,11,2022/6/27,禁止堕胎,#全美或有22州将禁止或限制堕胎#,134讨论,222.4万阅读
106,中国新闻网,蓝v,【女性堕胎权不再受保护？#美最高法裁决推翻罗诉韦德案#】据美联社报道，当地时间24日，美国联邦最高法院发布裁决，正式推翻“罗诉韦德案”，结束宪法对堕胎权的保护。报道称，这一结果可能导致#美国约半数州或将禁止堕胎#。“罗诉韦德案”是1973年美国联邦最高法院对于女性堕胎权裁决的“里程碑”案例 ...全文,31,60,325,2022/6/24,禁止堕胎,#美国约半数州或将禁止堕胎#,53讨论,111.9万阅读
107,--小懒喵吖嘻--,普通用户,"#美国约半数州或将禁止堕胎# 堕胎完全是一种无法用禁令去消除的需求。
在美国堕胎非法化的年代里，书中记载每年堕胎数目大约为一百万宗，而其中仅有一万例是按照法律所规定的“基于医学或治疗原因”而受到法律豁免才得以在医院进行的。这就带来了一个极为可怕的后果，那就是大量女性的死亡。
据官方统 ...全文",0,0,0,2022/6/27,禁止堕胎,#美国约半数州或将禁止堕胎#,53讨论,111.9万阅读
108,天目新闻,蓝v,#美国约半数州或将禁止堕胎#【#美国最高法院取消宪法规定的堕胎权#】据美联社报道，当地时间24日，美国联邦最高法院发布裁决，正式推翻“罗诉韦德案”，结束宪法对堕胎权的保护。“罗诉韦德案”是1973年美国联邦最高法院对于女性堕胎权裁决的“里程碑”案例，最高法院裁定女性拥有堕胎的权利，该权利受 ...全文,6,4,78,2022/6/25,禁止堕胎,#美国约半数州或将禁止堕胎#,53讨论,111.9万阅读
109,滇海彩云子,黄v,#避孕套巨头过去两年销量下降40%##美国约半数州或将禁止堕胎# 哈哈，是不是新冠死人太多，鼓励生育？,1,2,0,2022/6/26,禁止堕胎,#美国约半数州或将禁止堕胎#,53讨论,111.9万阅读
110,永不放弃的大猫,普通用户,#美国约半数州或将禁止堕胎##美国约半数州或将禁止堕胎# 在这里科普一下，美国的禁止堕胎其中的产物包括乱l和qj的产物，还有即使胎儿畸形，宫外孕都不可以打掉。前两者不说了，本来就不应该有。后面两者么，这里的畸形包括各种缺陷，甚至可能生下来就没了的，那种疾病很多的，这种不说其他的，就生下来 ...全文,0,0,0,2022/6/25,禁止堕胎,#美国约半数州或将禁止堕胎#,53讨论,111.9万阅读
111,荷夏格艾蒂仙师,黄v,#美最高法裁决推翻罗诉韦德案# 颠覆三观了，女性自己的肚子无法自己做主#美国约半数州或将禁止堕胎#,0,0,4,2022/6/24,禁止堕胎,#美国约半数州或将禁止堕胎#,53讨论,111.9万阅读
113,凤凰周刊,蓝v,"【外媒：#密苏里州成为美国首个禁止堕胎州#】据法新社华盛顿报道，密苏里州当地时间24日成为美国第一个禁止堕胎的州。此前数几小时，美最高法院推翻了宪法赋予堕胎权的规定。#美国最高法院取消宪法规定的堕胎权#

报道称，密苏里州总检察长在推特上发布了一张自己签署禁令的照片，他说：“密苏里州刚刚 ...全文",17,84,179,2022/6/25,禁止堕胎,#密苏里州成为美国首个禁止堕胎州#,60讨论,165.8万阅读
114,凤凰网,蓝v,"【#密苏里州成为美国首个禁止堕胎州#】据法新社华盛顿报道，密苏里州当地时间24日成为美国第一个禁止堕胎的州。此前数几小时，美最高法院推翻了宪法赋予堕胎权的规定。
报道称，密苏里州总检察长在推特上发布了一张自己签署禁令的照片，他说：“密苏里州刚刚成为全国第一个有效终止堕胎的州，这是生命 ...全文",26,67,305,2022/6/25,禁止堕胎,#密苏里州成为美国首个禁止堕胎州#,60讨论,165.8万阅读
115,匿名吃瓜看热闹,普通用户,#密苏里州成为美国首个禁止堕胎州#女拳们怎么看？,0,0,0,2022/6/25,禁止堕胎,#密苏里州成为美国首个禁止堕胎州#,60讨论,165.8万阅读
117,Vista看天下,蓝v,"【#美国爱达荷州拟禁止一切堕胎#：没有任何例外】据美国《新闻周刊》7月18日报道，爱达荷州共和党大会上，代表们批准了对政党纲领的修改，将所有堕胎定为刑事犯罪。即使是在乱伦、强奸，或挽救孕妇生命等情况，都不允许堕胎。

爱达荷州共和党以412票对164票，否绝了当孕妇处于“致命危险”时允许例外 ...全文",1663,402,9410,2022/7/19,禁止堕胎,#美国爱达荷州拟禁止一切堕胎#,1773讨论,326.8万阅读
119,观察者网,蓝v,"【#美国已有9个州触发反堕胎法#，12个州或将跟进】#美高院推翻堕胎权后9州禁止堕胎# 禁止堕胎法律已经生效的9个州中，共计6个州实施严格反堕胎法，即使是强奸或乱伦导致妊娠也不可堕胎。

当地时间6月24日，美国最高法院推翻了“罗诉韦德案”的历史性判决；堕胎权被下放到各州。全美有13个州提前埋置了 ...全文",90,241,1138,2022/6/26,禁止堕胎,#美高院推翻堕胎权后9州禁止堕胎#,108讨论,98.8万阅读
120,仓鼠揍橘猫,普通用户,#美高院推翻堕胎权后9州禁止堕胎#别喊了，民主和人权已经在家反思了,0,0,0,2022/6/26,禁止堕胎,#美高院推翻堕胎权后9州禁止堕胎#,108讨论,98.8万阅读
121,今日俄罗斯RT,蓝v,"【#美国22州将禁止堕胎#】当地时间6月24日，美国最高法院裁决取消联邦政府保障的堕胎合法权。随后，路透社在美国地图上标注出准备禁止妇女堕胎的22州。

在南达科他州、路易斯安那州和肯塔基州，因为现在联邦层面无法保证堕胎权，堕胎权将被自动取消。违反者将被处以最高10万美元的罚款和最高10年的监 ...全文",102,242,1234,2022/6/26,禁止堕胎,#美国22州将禁止堕胎#,108讨论,102.1万阅读
122,知心琥珀,普通用户,"#美国22州将禁止堕胎#

美国真是肉眼可见的在走下坡路啊！
期待2044年中国彻底崛起！",0,4,6,2022/6/27,禁止堕胎,#美国22州将禁止堕胎#,108讨论,102.1万阅读
123,凤凰周刊,蓝v,【#美国得州禁止怀孕6周以上女性堕胎#】据businessinsider报道，当地时间19日，美国得克萨斯州州长阿伯特签署了该州史上最严苛的堕胎法案，该法案禁止怀孕六周以上的女性堕胎，强奸或乱伦也不例外。有一个例外是，允许在医疗紧急情况下进行堕胎。该法案还允许得州公民允许几乎任何民众起诉堕胎诊所和相 ...全文,17,57,189,2021/5/20,禁止堕胎,#美国得州禁止怀孕6周以上女性堕胎#,147讨论,104万阅读
124,露水不豆,微博达人,#美国得州禁止怀孕6周以上女性堕胎# 活久见，米国肉眼可见的倒退，有生之年竟能经历世界前两位对本国女性的剥削。对于国家发展（繁殖），建立在剥夺个人意志和自主选择权的基础上，万恶之首。,0,2,1,2021/10/5,禁止堕胎,#美国得州禁止怀孕6周以上女性堕胎#,147讨论,104万阅读
125,央视网青年,蓝v,【#美13个州已启动禁止堕胎法律流程#】截至25日，美国阿肯色州、爱达荷州、肯塔基州等13个州已经根据裁决开始禁止堕胎法律的启动流程。而在其中一些州，禁止堕胎法律会立即生效；在其他州，禁止堕胎法律将在一段时间后或通过州官员签字生效。小央视频的微博视频,1,1,2,2022/6/27,禁止堕胎,#美13个州已启动禁止堕胎法律流程#,11讨论,9.9万阅读
126,央视网科技,蓝v,#科科喊你早起#【#美13个州已启动禁止堕胎法律流程#】截至25日，美国阿肯色州、爱达荷州、肯塔基州等13个州已经根据裁决开始禁止堕胎法律的启动流程。而在其中一些州，禁止堕胎法律会立即生效；在其他州，禁止堕胎法律将在一段时间后或通过州官员签字生效。小央视频的微博视频,1,3,1,2022/6/27,禁止堕胎,#美13个州已启动禁止堕胎法律流程#,11讨论,9.9万阅读
127,笑着寻梦,黄v,#美13个州已启动禁止堕胎法律流程#截至25日，美国阿肯色州、爱达荷州、肯塔基州等13个州已经根据裁决开始禁止堕胎法律的启动流程。而在其中一些州，禁止堕胎法律会立即生效；在其他州，禁止堕胎法律将在一段时间后或通过州官员签字生效…资本主义国家就是直接了当，事实上很多国家都想这样干么？,0,0,0,2022/6/26,禁止堕胎,#美13个州已启动禁止堕胎法律流程#,11讨论,9.9万阅读
128,云南峨山,蓝v,【#美13个州已启动禁止堕胎法律流程#】截至25日，美国阿肯色州、爱达荷州、肯塔基州等13个州已经根据裁决开始禁止堕胎法律的启动流程。而在其中一些州，禁止堕胎法律会立即生效；在其他州，禁止堕胎法律将在一段时间后或通过州官员签字生效。@小央视频 小央视频的微博视频,0,0,0,2022/6/26,禁止堕胎,#美13个州已启动禁止堕胎法律流程#,11讨论,9.9万阅读
129,新浪科技,蓝v,#科技公司会成美国禁止堕胎的帮凶吗#？【美国堕胎权被废止 科技公司是“帮凶”？】6月底，美国最高法院推翻了“罗诉韦德案”（Roe v. Wade），堕胎权将不再合法。一石激起千层浪，手握大量个人信息数据的科技巨头也质疑是否为成为提供证据的“帮凶”。虽有员工不满，但科技公司总体上还是选择回避，比 ...全文,1,5,5,2022/7/2,禁止堕胎,#科技公司会成美国禁止堕胎的帮凶吗#,4讨论,18.1万阅读
130,每日经济新闻,蓝v,#美约半数州或将禁止堕胎# 【美国最高法院推翻罗诉韦德案裁决】#美国堕胎合法化被推翻# 据央视新闻报道，当地时间6月24日，美国最高法院推翻了“罗诉韦德案”裁决。这项裁决曾在1973年实现了美国堕胎合法化。最高法院的这项最新裁决将赋予各州制定堕胎法的权力，预计几乎一半的州将宣布堕胎为非法或严 ...全文,20,6,12,2022/6/24,禁止堕胎,#美约半数州或将禁止堕胎#,30讨论,39.4万阅读
131,直新闻,蓝v,"【#美国俄克拉荷马州禁止堕胎法案生效# 】当地时间5月25日，美国俄克拉荷马州禁止堕胎法案获州长凯文·斯蒂特签字生效，该州成为#美国第一个实际禁止堕胎的州# 。

根据该法律，只有为了拯救孕妇生命，或者怀孕是由强奸或乱伦导致并已向执法部门报备的情况下，才可以执行堕胎手术，违者将面临民事诉讼。 ...全文",2,0,0,2022/5/26,禁止堕胎,#美国第一个实际禁止堕胎的州#,5讨论,2.8万阅读
132,ETtoday新聞雲,蓝v,"【受精后不得堕胎！　俄克拉荷马州全美最严禁令上路】网页链接
#美国# 俄克拉荷马州州长Kevin Stitt 25日签署一项堕胎禁令，禁止「受精」阶段后几乎所有堕胎行为，除非发生医疗紧急状况或因性侵、乱伦而怀孕，并赋予一般公民向帮助堕胎者提告的权利，成为全美最严格的反堕胎法之一。法案立 ...全文",1,6,5,2022/5/26,禁止堕胎,#美国第一个实际禁止堕胎的州#,5讨论,2.8万阅读
134,中新经纬,蓝v,"【#美媒称全美或有22州将禁止或限制堕胎#】据《国会山报》当地时间6月26日报道，在美国最高法院投票决定推翻“罗诉韦德案”之后，各州开始根据这一裁决制定或实施相关州内部政策。根据古特马赫学会的一项分析，全美共有22个州将禁止或限制堕胎，另有16个州和华盛顿特区制定了保护堕胎权的法律。
...全文",3,7,7,2022/6/27,禁止堕胎,#美媒称全美或有22州将禁止或限制堕胎#,5讨论,14.6万阅读
135,新闻晨报,蓝v,"【“罗诉韦德案”被推翻，#美国女性地位倒退50年#？】#美国近一半州预计会禁止堕胎# 当地时间6月24日，美国最高法院裁决推翻“罗诉韦德案”，将堕胎权的合法性问题留给各州应对。自此，美国女性的生育自主权将遭到极大挑战。#美国最高法院取消宪法规定的堕胎权#

1973年对“罗诉韦德案”的判决，奠定了 ...全文",2,5,11,2022/6/25,禁止堕胎,#美国近一半州预计会禁止堕胎#,3讨论,11.5万阅读
136,新闻晨报,蓝v,"【#美国跨州堕胎人数或激增# ，#美国11个州禁止或限制堕胎#】#美俄亥俄州一名10岁女孩被拒绝堕胎# 在美国最高法院6月24日推翻了“罗诉韦德案”的历史性判决后，堕胎权被下放到了各州。全美有13个州提前设置了“触发法”（trigger laws），即一旦“罗诉韦德案”被推翻，将禁止堕胎权。

《纽约时报》当 ...全文",2,0,5,2022/7/3,禁止堕胎,#美国11个州禁止或限制堕胎#,4讨论,13.1万阅读
137,直新闻,蓝v,#全美共有22个州将禁止或限制堕胎#【美媒：#全美或有22州将禁止或限制堕胎#】据《国会山报》当地时间6月26日报道，在美国最高法院投票决定推翻“罗诉韦德案”之后，各州开始根据这一裁决制定或实施相关州内部政策。根据古特马赫学会的一项分析，全美共有22个州将禁止或限制堕胎，另有16个州和华盛顿特 ...全文,0,1,1,2022/6/27,禁止堕胎,#全美共有22个州将禁止或限制堕胎#,1讨论,1.7万阅读
138,观察者网,蓝v,"【实施刚满1个月，#得州最严堕胎法被临时禁止#】
自美国得州开始实施“最严堕胎法”后，拜登政府就一直试图通过司法途径将之推翻。如今，这项努力已经取得初步进展。

据美国广播公司（ABC）报道，当地时间10月6日，美国得州西区联邦地区法院作出裁判，批准联邦政府对得州堕胎法申请的“临时禁令”，同 ...全文",16,46,251,2021/10/7,禁止堕胎,#得州最严堕胎法被临时禁止#,21讨论,40万阅读
139,中国日报,蓝v,【美国一州通过法案#禁止性侵受害者堕胎#，遭部分民众抗议】5月14日，美国阿拉巴马州议会通过#美国最严反堕胎法案#，禁止任何阶段的怀孕者堕胎，被性侵怀孕、乱伦怀孕者也不例外，当且仅当需要挽救孕妇生命时，堕胎才能得到许可。目前法案已提交给州长，州长同意后，法案将于六个月后正式生效。 ...全文,58,144,108,2019/5/16,禁止堕胎,#禁止性侵受害者堕胎#,,
141,重庆江津法院,蓝v,#津法君播报# 【美国一州通过法案#禁止性侵受害者堕胎#，遭部分民众抗议】5月14日，美国阿拉巴马州议会通过#美国最严反堕胎法案#，禁止任何阶段的怀孕者堕胎，被性侵怀孕、乱伦怀孕者也不例外，当且仅当需要挽救孕妇生命时，堕胎才能得到许可。目前法案已提交给州长，州长同意后，法案将于六个月后正式 ...全文,0,12,5,2019/5/16,禁止堕胎,#禁止性侵受害者堕胎#,130讨论,94.1万阅读
142,镇雄检察院,蓝v,【美国一州通过法案#禁止性侵受害者堕胎#，遭部分民众抗议】5月14日，美国阿拉巴马州议会通过#美国最严反堕胎法案#，禁止任何阶段的怀孕者堕胎，被性侵怀孕、乱伦怀孕者也不例外，当且仅当需要挽救孕妇生命时，堕胎才能得到许可。目前法案已提交给州长，州长同意后，法案将于六个月后正式生效。@世面 ...全文,0,2,1,2019/5/16,禁止堕胎,#禁止性侵受害者堕胎#,130讨论,94.1万阅读
143,法治日报,蓝v,#域外传真#【美国一州通过法案#禁止性侵受害者堕胎#，遭部分民众抗议】5月14日，美国阿拉巴马州议会通过#美国最严反堕胎法案#，禁止任何阶段的怀孕者堕胎，被性侵怀孕、乱伦怀孕者也不例外，当且仅当需要挽救孕妇生命时，堕胎才能得到许可。目前法案已提交给州长，州长同意后，法案将于六个月后正式生 ...全文,26,44,9,2019/5/16,禁止堕胎,#禁止性侵受害者堕胎#,130讨论,94.1万阅读